id,box_x1,box_y1,box_x2,box_y2,score
20586908,2381.35,1547.47,2651.42,1835.88,0.7603
20586908,2307.61,904.98,2554.26,1196.95,0.6865
20586908,3094.9,1013.74,3296.04,1200.41,0.5852
20586908,2074.81,2410.66,2316.38,2617.86,0.3527
20586908,2496.82,455.18,2884.18,875.06,0.1501
20586908,2659.04,2811.55,2791.59,2934.73,0.1338
20586908,2452.79,1990.4,2573.63,2102.48,0.0813
20586908,3062.98,2459.89,3172.46,2563.39,0.0576
20586908,2531.2,518.66,2809.44,765.12,0.1271
20586908,2659.28,2811.8,2791.55,2934.4,0.0793
20586908,2453.17,1989.76,2573.21,2102.82,0.077
20586908,2013.58,629.19,2539.89,1013.29,0.0597
20586908,2440.99,1636.49,2563.84,1748.19,0.053
20586908,2371.19,1001.23,2503.84,1141.73,0.0508
20586934,358.01,484.51,558.68,709.1,0.247
20586934,215.6,1036.77,390.71,1205.73,0.0787
20586934,723.18,2394.31,982.39,2619.99,0.068
20586934,72.02,1932.43,423.76,2271.53,0.8823
20586934,215.12,1037.48,392.18,1205.38,0.4347
20586934,461.55,1649.99,975.9,2154.19,0.1244
20586934,790.63,2005.14,898.34,2087.5,0.1044
20586934,958.25,1141.89,1234.75,1381.2,0.0597
20586934,480.57,1038.9,969.3,1447.06,0.0578
20586960,2360.05,737.25,2789.02,1041.74,0.8384
20586960,1717.45,1194.02,1983.07,1480.52,0.6238
20586960,2089.47,1957.3,2330.24,2237.23,0.2824
20586960,1808.9,1296.32,1901.24,1378.26,0.1889
20586960,2175.33,2099.03,2262.91,2167.03,0.1759
20586960,2099.1,1253.94,2361.59,1487.89,0.0778
20586960,2175.34,2099.02,2263.22,2167.0,0.2269
20586960,2088.52,1956.54,2330.45,2237.2,0.1072
20586986,692.73,1681.71,1005.78,1966.86,0.0799
20586986,58.15,2258.28,443.05,2682.63,0.838
20587054,1854.89,1080.91,2211.48,1424.23,0.4449
20587054,2246.59,1155.39,2330.32,1251.9,0.0631
20587054,1431.74,1923.62,1683.36,2135.5,0.0552
20587054,1917.52,1154.45,2184.82,1338.36,0.4222
20587054,2271.17,948.48,2485.39,1212.3,0.085
20587080,2072.33,1986.74,2141.42,2051.89,0.2025
20587080,1832.39,1902.77,2177.36,2214.22,0.1779
20587080,1937.92,2022.01,2034.99,2110.92,0.1525
20587080,2219.02,1931.99,2320.0,2036.59,0.1184
20587080,1917.29,1958.29,2166.68,2139.77,0.5411
20587080,2072.55,1986.81,2141.55,2051.93,0.2503
20587080,1948.35,2022.39,2015.78,2079.96,0.2193
20587080,1290.18,1630.69,2266.53,2191.89,0.2177
20587080,2218.77,1931.91,2320.49,2036.47,0.1653
20587148,1936.57,1137.54,2263.2,1450.83,0.2435
20587174,8.05,848.31,153.92,1030.5,0.1295
20587200,1781.84,1674.61,1995.07,1906.68,0.2004
20587226,256.77,1995.24,352.54,2113.18,0.0511
20587466,1.81,2103.32,113.94,2304.91,0.1814
20587466,26.73,913.9,114.33,1052.7,0.1336
20587466,341.76,1238.77,427.48,1323.55,0.0718
20587466,47.03,2429.81,283.74,2617.46,0.0716
20587466,55.91,1241.12,273.76,1484.07,0.0599
20587466,56.07,1240.74,275.96,1485.77,0.6633
20587466,14.18,2119.62,233.31,2308.58,0.389
20587466,341.64,1238.69,428.06,1324.16,0.1606
20587466,31.77,919.0,126.94,1083.59,0.1434
20587466,267.13,1056.77,607.26,1489.54,0.1122
20587492,1993.52,487.77,2194.84,753.62,0.2488
20587492,2472.62,1317.37,2546.48,1388.68,0.0611
20587492,1845.65,720.43,2435.5,1543.71,0.6701
20587492,2005.94,974.82,2188.08,1219.85,0.3549
20587492,2131.29,1269.22,2363.23,1469.01,0.2901
20587492,2472.72,1317.29,2546.77,1389.08,0.2303
20587492,1993.83,487.0,2195.4,757.04,0.2276
20587492,2178.0,915.27,2269.45,998.55,0.0751
20587518,187.19,1025.78,271.38,1125.9,0.1147
20587518,330.5,1548.9,440.63,1668.38,0.0983
20587518,502.72,1452.51,689.81,1653.09,0.0663
20587518,126.36,1771.67,245.35,1896.13,0.0513
20587518,4.44,1327.81,400.96,1713.69,0.3636
20587518,187.19,1025.37,271.43,1126.86,0.296
20587518,365.58,869.49,595.68,1099.92,0.2814
20587518,330.31,1549.11,441.67,1668.7,0.2049
20587518,185.55,1377.48,294.82,1475.53,0.1481
20587518,42.83,500.52,634.64,1487.46,0.1391
20587518,32.04,1722.99,272.02,1928.03,0.1251
20587544,2154.55,1663.51,2252.29,1758.82,0.2093
20587544,2217.53,2073.67,2530.78,2261.32,0.0525
20587544,2158.88,1013.37,2542.06,1476.47,0.5312
20587544,2167.38,1971.21,2549.42,2399.2,0.3817
20587544,2154.52,1663.55,2252.8,1759.02,0.2595
20587544,2314.47,1979.28,2402.07,2064.98,0.1771
20587544,2246.64,1344.79,2355.15,1469.2,0.1714
20587544,1996.24,1574.83,2459.2,1947.93,0.1011
20587544,2357.66,2129.2,2489.39,2236.04,0.0513
20587612,2643.02,2424.41,2832.22,2652.17,0.1654
20587612,2715.92,460.79,3088.53,822.38,0.928
20587664,2794.09,2922.19,2952.4,3097.13,0.502
20587664,2389.67,830.8,2746.35,1144.86,0.9342
20587664,2825.87,2948.73,2918.52,3032.48,0.0875
20587758,171.89,1034.97,435.85,1276.35,0.6218
20587758,398.05,1748.7,813.97,2137.49,0.133
20587758,483.25,797.97,684.99,1007.34,0.1254
20587758,187.75,1080.27,357.93,1255.88,0.4099
20587758,379.74,1710.86,932.7,2153.34,0.1694
20587758,17.48,623.9,855.4,1350.6,0.1189
20587784,1650.7,898.75,1836.36,1152.05,0.2847
20587784,1809.21,1063.41,2012.71,1235.25,0.0608
20587784,2034.65,2083.37,2269.49,2292.85,0.6339
20587784,1640.25,924.79,1790.85,1105.03,0.081
20587784,1587.37,1578.98,1787.57,1826.48,0.0619
20587784,1556.7,824.17,2153.37,1626.28,0.0519
20587810,631.71,815.45,958.63,1154.81,0.858
20587810,727.21,1160.64,921.81,1419.89,0.2068
20587810,1147.36,1618.97,1350.91,1908.63,0.1354
20587810,918.41,1578.11,1338.3,1933.95,0.0809
20587810,972.89,2093.79,1190.52,2339.3,0.0604
20587836,2244.43,1707.73,2407.36,1868.15,0.227
20587836,2251.72,715.1,2514.06,958.3,0.1371
20587836,1909.79,639.84,2260.22,1053.1,0.0955
20587836,2188.98,670.77,2547.73,1046.22,0.3675
20587902,1766.94,452.35,2544.4,1140.35,0.0604
20587928,2174.12,1862.15,2384.01,2063.77,0.3158
20587994,1887.69,872.66,2002.8,978.69,0.4122
20587994,1825.58,1363.0,2044.94,1565.67,0.1134
20587994,1851.12,1851.95,2257.38,2236.2,0.8753
20587994,1825.29,1362.85,2045.0,1565.27,0.0622
20588020,411.59,779.12,568.69,968.25,0.3413
20588020,1025.61,1785.56,1129.64,1912.38,0.1623
20588020,295.81,1018.06,564.43,1183.81,0.0683
20588020,1021.67,1794.22,1114.36,1900.31,0.3719
20588020,293.29,1018.23,565.93,1183.21,0.0989
20588046,1536.02,1478.88,1796.97,1675.87,0.0854
20588046,1932.58,2086.09,2262.85,2440.38,0.8999
20588046,1535.41,1478.69,1798.42,1676.73,0.0611
20588072,1043.29,2105.05,1195.93,2280.58,0.3187
20588072,102.82,1351.18,257.75,1504.72,0.1091
20588072,71.3,1331.16,269.59,1509.81,0.6637
20588072,1073.8,2160.94,1194.85,2265.27,0.0916
20588072,743.98,1286.5,831.85,1356.47,0.0681
20588072,906.73,2333.95,1031.13,2478.62,0.0644
20588138,2208.13,798.56,2309.54,898.52,0.1312
20588138,1612.03,1985.66,1861.02,2205.29,0.3789
20588138,2035.05,1894.91,2316.7,2106.07,0.2419
20588138,2208.33,798.8,2309.64,898.26,0.0549
20588190,929.35,1593.07,998.34,1662.7,0.1425
20588190,64.57,829.3,301.49,1102.6,0.8806
20588190,622.63,1994.89,833.83,2230.11,0.2887
20588190,929.17,1593.07,998.69,1662.86,0.0726
20588190,23.21,762.85,990.37,1450.11,0.0582
20588216,298.48,862.52,549.29,1112.19,0.732
20588216,64.66,1456.97,297.66,1718.39,0.9155
20588216,300.51,2343.97,741.48,2687.58,0.1166
20588216,258.6,847.63,595.2,1168.58,0.1019
20588308,108.81,1491.27,354.52,1733.5,0.7342
20588308,566.15,950.33,790.24,1197.87,0.1677
20588308,0.0,1425.88,632.65,2036.26,0.3632
20588308,566.56,949.93,790.77,1199.58,0.1602
20588334,85.2,2110.85,347.87,2363.28,0.679
20588334,515.9,1578.53,774.02,1815.43,0.1032
20588334,369.93,1100.98,789.22,1536.43,0.0885
20588334,11.56,2029.74,404.08,2411.64,0.5619
20588334,14.07,1073.43,856.64,1737.79,0.335
20588334,514.35,1578.84,775.48,1813.55,0.0873
20588334,131.59,1505.78,382.09,1726.94,0.0505
20588458,1788.36,1597.73,2121.64,1986.03,0.1933
20588458,2087.73,1498.86,2307.83,1696.45,0.0621
20588458,2060.83,701.23,2534.54,1064.86,0.111
20588458,1787.64,1595.52,2122.17,1985.36,0.1057
20588458,2117.31,1894.26,2316.02,2134.38,0.0814
20588510,1202.12,1373.49,1575.27,1777.11,0.1205
20588510,1243.93,1329.63,1651.04,1765.48,0.2597
20588510,1389.47,2417.29,1514.33,2520.83,0.2342
20588536,1235.65,2366.18,1461.52,2629.77,0.1927
20588536,521.87,665.04,699.33,842.05,0.1807
20588536,721.06,2168.61,997.52,2383.51,0.1502
20588536,775.83,1101.32,991.21,1313.14,0.1125
20588536,869.66,1904.64,1034.77,2090.31,0.0553
20588536,413.49,528.32,861.27,951.21,0.7491
20588536,775.76,1102.11,992.48,1314.34,0.3796
20588536,727.4,2155.76,955.32,2352.13,0.367
20588536,1235.83,2365.15,1462.14,2629.39,0.2832
20588536,1043.36,1316.79,1174.24,1461.11,0.1746
20588536,526.93,719.13,650.97,838.09,0.106
20588536,869.73,1904.42,1034.3,2091.13,0.0935
20588536,1032.54,1948.22,1467.71,2392.67,0.0534
20588536,495.22,1011.02,1243.14,1677.85,0.0505
20588562,229.14,878.95,667.8,1322.56,0.1187
20588562,22.78,849.19,682.01,1461.49,0.681
20588562,313.79,1098.33,423.98,1200.49,0.1943
20588562,903.46,1247.29,1199.13,1586.13,0.1161
20588654,1766.33,1339.91,2018.64,1614.87,0.1364
20588680,39.4,1037.8,351.19,1317.74,0.1128
20588680,272.68,1298.17,856.11,1828.07,0.1127
20588680,865.95,1125.38,1238.06,1564.29,0.087
20588680,6.16,751.8,839.95,1832.18,0.0703
22427705,38.86,1632.04,218.87,1777.64,0.1165
22427705,446.53,907.76,692.99,1120.65,0.0502
22427705,39.53,1616.81,266.06,1812.46,0.821
22427705,445.14,907.92,694.22,1121.26,0.0587
22427728,1559.75,2479.3,2089.26,3004.35,0.0524
22427751,608.94,1094.21,1031.28,1510.99,0.3772
22427751,688.64,1174.34,946.01,1432.58,0.705
22427840,2329.68,664.53,2481.1,814.2,0.3863
22427840,1973.85,1812.94,2195.0,2038.04,0.1586
22427840,1988.9,871.7,2206.58,1072.08,0.0663
22427840,2081.12,807.0,2430.51,1362.98,0.9408
22427840,2328.83,665.17,2480.94,813.98,0.3824
22427840,1977.02,1831.32,2227.11,2062.37,0.1818
22427840,2257.72,2099.5,2486.08,2286.33,0.1289
22427864,578.33,817.03,823.5,1023.78,0.0733
22427864,705.19,1211.74,813.34,1323.7,0.0671
22427864,501.93,1217.09,610.78,1326.4,0.0583
22579730,2090.04,850.4,2236.63,1017.46,0.0575
22579730,1682.03,868.06,2103.52,1358.83,0.9451
22579730,2090.08,850.69,2237.0,1019.0,0.8108
22579754,364.89,931.71,809.13,1311.42,0.1807
22579847,1400.21,1433.41,1929.88,1858.66,0.0767
22579847,2014.67,513.87,2528.9,851.34,0.068
22579870,46.57,2229.16,207.2,2399.35,0.3479
22579870,243.48,1629.74,490.73,1831.3,0.2009
22579870,285.81,609.33,594.64,828.62,0.1752
22579870,187.54,1248.61,396.08,1466.38,0.0707
22579870,810.23,1262.68,910.56,1377.13,0.0503
22579870,242.8,1630.47,492.16,1830.69,0.5524
22579870,162.0,1195.8,1153.99,1909.09,0.2531
22579870,810.19,1262.63,911.38,1377.64,0.1569
22579893,1723.68,2614.97,1939.55,2795.72,0.7211
22579893,2305.07,1593.74,2417.47,1725.51,0.2889
22579893,1951.2,824.75,2060.53,925.3,0.0641
22579893,2315.5,1614.65,2420.02,1714.59,0.2098
22579893,1722.89,2615.8,1939.37,2794.98,0.0957
22579893,1951.05,824.38,2060.34,925.81,0.0512
22579916,188.36,813.28,359.21,1026.38,0.5398
22579916,704.35,1572.18,959.13,1807.35,0.3613
22579916,217.46,2366.42,395.81,2568.23,0.341
22579916,781.32,2319.62,902.95,2459.0,0.1202
22579916,729.87,1530.13,950.94,1757.9,0.4107
22579916,284.34,2409.55,364.73,2487.93,0.2139
22579916,30.18,1508.23,1026.39,2202.04,0.1959
22579916,162.16,806.9,396.93,1038.26,0.1259
22579916,190.2,2270.06,504.53,2628.71,0.1184
22579916,497.67,1107.09,1036.46,1519.4,0.0806
22579916,781.61,2319.61,903.43,2459.17,0.0585
22580015,1804.54,750.69,1918.13,859.33,0.1563
22580038,604.97,1758.1,1076.12,2168.17,0.3754
22580038,842.39,1448.92,1195.79,1814.28,0.1136
22580038,795.23,810.7,1113.78,1165.15,0.0779
22580038,635.41,1744.9,1012.7,2145.84,0.6876
22580038,841.42,1447.49,1197.98,1816.51,0.2815
22580068,1507.46,1471.25,1987.36,1925.68,0.4099
22580068,1602.4,1931.93,1682.26,2011.78,0.1409
22580068,1228.78,1611.53,1427.52,1823.35,0.0572
22580098,679.62,2281.85,917.93,2488.17,0.3176
22580098,769.64,1216.14,1174.11,1577.57,0.1533
22580098,1193.78,1838.89,1413.28,2088.02,0.1213
22580098,1137.41,2217.81,1376.54,2423.54,0.1107
22580098,1363.49,2204.91,1578.12,2440.11,0.0667
22580098,574.94,2197.57,1001.87,2532.81,0.4945
22580098,736.99,2324.89,851.51,2427.58,0.2059
22580098,769.58,1215.33,1174.88,1579.54,0.1385
22580098,1194.7,1838.28,1412.52,2087.99,0.1097
22580192,1730.56,1259.3,1975.16,1467.7,0.3755
22580192,1730.0,1259.59,1976.34,1467.05,0.0733
22580244,1359.69,1569.82,1498.19,1695.88,0.2401
22580244,1805.92,1479.78,1891.3,1556.17,0.0702
22580244,1361.86,1536.44,1507.66,1712.12,0.6548
22580244,1805.59,1479.65,1892.02,1556.39,0.2824
22580244,1234.66,1804.82,1478.77,1967.05,0.0801
22580341,1900.88,1858.1,2150.72,2101.15,0.3183
22580341,2249.21,1226.79,2411.73,1425.39,0.154
22580341,1974.92,912.0,2130.53,1075.5,0.125
22580341,1897.26,981.69,2501.88,1692.94,0.0902
22580341,1693.9,963.25,2558.39,1785.08,0.7021
22580341,1807.3,1839.78,2241.11,2290.02,0.3332
22580341,2068.95,1500.22,2337.52,1721.31,0.1637
22580341,2001.72,936.99,2116.92,1047.44,0.1078
22580341,1680.08,1474.6,1950.39,1693.75,0.0981
22580341,2208.72,1228.4,2412.55,1537.36,0.0805
22580367,525.04,1361.04,805.88,1625.82,0.7674
22580367,334.17,2035.86,580.3,2302.58,0.3753
22580367,447.73,1666.76,658.77,1913.72,0.1753
22580367,551.12,1175.07,771.67,1409.73,0.0802
22580367,26.61,986.96,936.05,1836.36,0.0604
22580367,107.75,1027.91,828.82,1643.63,0.4902
22580367,313.03,2073.24,577.28,2318.35,0.3204
22580367,447.02,1666.88,659.19,1914.14,0.0994
22580367,315.45,1280.12,467.34,1534.37,0.09
22580393,2062.47,1997.41,2305.42,2224.28,0.2803
22580393,1882.67,1199.81,2121.37,1496.59,0.1813
22580393,2083.03,1441.35,2136.45,1490.31,0.1206
22580393,1632.49,1052.6,1919.34,1407.61,0.1079
22580393,1614.15,1032.44,2255.81,1718.84,0.6692
22580393,1940.72,1850.18,2329.62,2302.31,0.3134
22580393,2082.96,1441.29,2136.99,1490.39,0.1707
22580393,2078.13,1452.65,2326.22,1660.82,0.0658
22580393,1712.56,1047.86,1814.01,1151.02,0.0636
22580419,46.07,1564.78,479.65,2046.93,0.1926
22580419,649.16,1939.32,731.57,2016.78,0.0556
22580419,5.14,1479.47,659.02,2120.06,0.7748
22580419,446.08,1160.37,922.58,1562.6,0.3835
22580419,666.13,1959.58,750.5,2038.99,0.1091
22580492,1840.83,2109.59,1938.89,2220.76,0.1177
22580492,1788.93,790.73,1999.68,1033.76,0.0772
22580492,2177.13,411.31,2462.0,617.57,0.0567
22580492,1925.16,1571.72,2011.12,1657.5,0.0538
22580492,2072.36,370.76,2512.43,799.06,0.1646
22580492,1789.24,790.27,2001.1,1034.07,0.1539
22580492,1680.8,1771.08,1795.59,1901.97,0.0926
22580492,1908.02,1780.91,2168.62,1974.95,0.0766
22580520,665.62,1715.25,913.5,1924.06,0.1467
22580520,945.91,1466.1,1036.0,1563.64,0.0794
22580520,399.1,819.16,640.31,1025.64,0.0775
22580520,618.87,975.74,833.96,1228.24,0.0534
22580520,15.67,802.2,895.56,1480.63,0.217
22580520,946.1,1465.59,1035.93,1564.33,0.1625
22580520,731.9,1285.65,815.75,1360.59,0.1501
22580520,721.42,1760.63,836.94,1860.19,0.1044
22580548,2107.69,1515.4,2328.63,1706.17,0.0842
22580548,2217.86,2312.77,2419.93,2512.06,0.0794
22580548,1699.91,1423.53,1796.43,1522.61,0.0537
22580548,2033.45,1448.57,2431.59,1790.22,0.0809
22580548,1705.55,1716.08,1867.41,1913.86,0.0739
22580548,1899.29,2019.66,1983.83,2089.28,0.061
22580548,2011.0,1842.85,2517.9,2235.76,0.0578
22580576,471.72,827.88,673.98,1039.56,0.5417
22580576,783.14,2112.78,1031.52,2320.26,0.1894
22580576,174.85,2277.91,384.08,2476.67,0.0612
22580576,727.16,1275.76,964.91,1544.29,0.0547
22580576,978.5,1555.78,1050.86,1637.18,0.0528
22580576,808.61,2131.68,1013.59,2311.81,0.1883
22580576,818.28,1552.26,1048.4,1795.43,0.1796
22580576,857.84,1489.27,941.65,1579.18,0.173
22580576,385.47,725.24,1083.09,1413.71,0.1694
22580576,58.53,2237.11,463.96,2613.14,0.1089
22580576,969.59,1563.28,1032.53,1633.72,0.1014
22580576,471.09,828.55,674.71,1040.18,0.1001
22580576,727.12,1275.09,965.89,1546.01,0.0614
22580576,504.54,1164.92,570.52,1220.77,0.0591
22580654,2478.0,2380.95,2810.64,2681.87,0.0699
22580654,2858.48,1633.01,3325.26,2704.93,0.8496
22580654,2318.21,2179.75,2853.89,2758.64,0.4213
22580654,2332.27,1743.36,2882.45,2268.16,0.0686
22580706,2845.67,1492.47,3320.57,2043.55,0.2565
22580706,2848.4,1494.28,3323.34,2048.57,0.5864
22580706,2233.05,2849.58,3246.86,3706.96,0.5072
22580732,515.59,2359.82,808.26,2653.63,0.2896
22580732,565.88,2428.78,734.56,2610.53,0.5722
22580732,774.97,1970.51,889.48,2081.11,0.0769
22613624,2261.67,1005.71,2525.17,1269.85,0.052
22613650,967.34,1510.4,1427.8,1880.56,0.5701
22613650,10.26,1261.24,565.65,2112.53,0.946
22613702,306.6,1323.96,1039.25,1921.29,0.9682
22613770,2864.68,991.9,3036.7,1194.98,0.0564
22613770,2300.82,1062.57,2992.68,1633.05,0.916
22613770,2817.28,987.07,3061.52,1235.2,0.2908
22613796,1270.35,1613.93,1569.13,1949.66,0.2353
22613796,673.47,1070.94,1090.79,1402.68,0.078
22613796,882.02,1164.74,1004.51,1285.42,0.0849
22613822,2216.54,2490.78,2386.33,2660.79,0.0776
22613822,2365.34,1642.61,2470.37,1725.82,0.063
22613822,2493.45,1341.45,2743.51,1624.44,0.0597
22613822,2507.28,1747.16,2672.04,1938.49,0.0582
22613822,2914.17,1563.14,3180.71,1797.73,0.0561
22613822,2310.21,849.1,2785.28,1446.86,0.9144
22613822,2492.92,1339.43,2744.23,1627.52,0.4131
22613822,2365.35,1642.64,2471.03,1726.34,0.4009
22613822,2499.54,1789.41,2658.78,1943.28,0.2045
22613822,2246.1,2527.0,2375.73,2647.02,0.0946
22613822,2095.21,1272.22,3198.35,2016.6,0.069
22613822,2946.1,1517.56,3229.82,1789.59,0.0611
22613848,902.62,2270.86,1208.03,2600.39,0.5257
22613848,1214.81,2265.7,1470.93,2628.38,0.0558
22613848,1002.2,2322.65,1168.44,2505.12,0.2799
22613918,2010.37,1659.79,2180.44,1861.93,0.4633
22613918,2050.13,1716.23,2112.72,1770.11,0.2828
22613918,2028.89,1709.11,2120.16,1804.83,0.1794
22613918,1764.35,1490.29,2154.24,1868.19,0.1233
22613918,1959.94,1623.11,2031.69,1685.15,0.0932
22613944,526.45,1576.49,880.46,2026.99,0.193
22613970,1750.8,1678.57,1974.38,1928.73,0.4151
22613970,1834.13,1783.09,1912.3,1853.55,0.2795
22613970,1830.1,1762.25,1930.72,1860.1,0.341
22613970,1707.37,1671.17,2063.44,1962.61,0.2543
22613970,1681.49,2041.29,1972.73,2243.87,0.0784
22614074,1965.11,1522.31,2388.39,1971.83,0.5798
22614074,1291.59,1500.48,1660.9,1931.9,0.1339
22614074,1854.19,1401.64,2379.01,1962.58,0.7762
22614074,1293.77,1496.8,1661.09,1934.65,0.3325
22614074,1603.96,939.09,1839.53,1220.7,0.1038
22614097,1009.37,1902.26,1255.53,2203.47,0.677
22614097,1748.16,1214.7,2043.5,1520.33,0.2884
22614097,1802.8,1732.92,2102.54,2004.22,0.1159
22614097,2489.25,2019.14,2872.08,2406.01,0.0709
22614097,868.79,1735.01,1333.34,2226.54,0.1912
22614097,1840.66,1288.62,1957.14,1405.0,0.1809
22614097,1024.54,1360.27,1391.8,1809.21,0.1008
22614097,1687.4,1130.86,2087.32,1541.99,0.0585
22614127,3012.71,577.22,3279.46,833.02,0.6874
22614127,2015.66,1724.6,2398.47,2162.5,0.2327
22614127,1868.54,1584.35,2494.2,2151.35,0.8067
22614127,2280.36,3096.0,2427.4,3263.98,0.5294
22614127,2928.55,520.53,3327.0,891.34,0.0839
22614150,2126.04,2729.56,2272.3,2902.46,0.0837
22614150,1168.48,2275.94,1445.41,2520.56,0.0503
22614150,1113.34,2188.42,1492.51,2589.73,0.1757
22614236,144.92,1548.41,460.69,1779.09,0.9293
22614236,58.64,755.41,541.8,1115.38,0.2159
22614266,793.31,1901.53,1112.59,2274.04,0.0534
22614266,364.52,1318.48,625.47,1564.43,0.8803
22614266,684.03,1415.79,981.53,1795.0,0.0874
22614266,795.47,1898.02,1112.24,2275.19,0.0676
22614266,0.86,562.65,104.41,719.13,0.058
22614353,1512.17,1401.33,1734.15,1628.2,0.2512
22614379,891.28,1441.36,1134.65,1693.56,0.8772
22614379,307.57,2532.95,577.08,2847.19,0.491
22614379,57.1,2455.63,617.43,2901.2,0.7642
22614379,942.56,1489.33,1098.34,1654.12,0.0613
22614431,1087.83,1910.33,1283.89,2125.83,0.8691
22614431,1.44,2436.02,366.64,2812.18,0.6017
22614431,1297.4,1925.62,1497.16,2141.33,0.178
22614431,76.58,2748.04,285.2,2941.64,0.085
22614431,0.0,2455.29,365.02,2907.42,0.5463
22614431,1128.78,1961.24,1249.73,2076.81,0.0707
22614431,1298.77,1925.72,1496.46,2139.7,0.0648
22614499,2003.69,1919.32,2120.41,2036.44,0.1018
22614499,2407.52,700.98,2495.89,784.94,0.0629
22614499,1932.63,2427.7,2076.98,2598.62,0.1337
22614499,2004.03,1919.32,2120.03,2036.37,0.0825
22614522,115.41,258.24,394.23,558.72,0.8417
22614522,228.81,1497.15,319.78,1576.55,0.0599
22614522,141.29,341.84,351.52,533.69,0.2128
22614522,648.04,643.3,747.45,731.12,0.0629
22614545,2000.59,1568.02,2222.86,1774.43,0.2644
22614545,2093.24,1667.3,2164.9,1730.08,0.0947
22614545,1999.19,1567.1,2223.73,1774.26,0.0706
22614568,508.6,1051.5,769.66,1287.44,0.892
22614568,614.25,1318.65,834.83,1565.36,0.0582
22614568,614.46,1317.95,836.72,1567.2,0.4065
22614568,248.06,1373.81,1301.46,2002.02,0.1222
22614568,1037.67,1582.15,1205.75,1875.1,0.082
22670094,2749.06,1050.14,3260.1,1484.61,0.9436
22670124,564.6,701.2,868.5,950.13,0.32
22670147,2462.96,1185.34,2839.65,1503.19,0.8662
22670147,1701.19,2615.13,1989.03,2905.37,0.057
22670177,1159.66,1610.4,1435.38,1826.88,0.1441
22670278,1918.29,1077.48,2091.01,1260.15,0.2001
22670278,1816.92,1001.47,2169.92,1355.52,0.7783
22670301,9.11,2506.89,92.97,2595.45,0.0618
22670324,1539.09,1197.65,1829.51,1534.65,0.2346
22670324,1570.71,1204.34,1774.22,1527.82,0.7201
22670347,998.4,1855.29,1130.88,1993.7,0.353
22670347,299.13,1318.62,426.58,1439.19,0.0602
22670347,998.89,1855.62,1130.31,1993.19,0.1232
22670347,15.78,1705.4,113.98,1764.36,0.0798
22670347,438.57,1700.56,725.43,1866.99,0.0744
22670442,1965.1,1196.47,2167.68,1432.26,0.0632
22670442,2395.78,502.0,2503.61,603.14,0.0585
22670442,2368.59,477.41,2535.7,639.14,0.8774
22670442,1965.41,1196.77,2168.67,1434.22,0.133
22670442,2013.46,756.73,2522.75,1158.25,0.0868
22670442,1797.87,1338.13,1985.86,1578.21,0.055
22670465,580.36,1263.47,766.44,1483.93,0.581
22670465,466.58,1741.85,568.4,1856.96,0.3933
22670465,257.89,1296.1,394.76,1434.68,0.2414
22670465,639.42,1329.96,699.86,1385.82,0.1688
22670465,365.04,956.46,579.27,1175.01,0.1537
22670465,37.89,1757.96,514.67,2133.1,0.0524
22670465,4.3,1744.25,647.13,2527.94,0.9286
22670465,165.28,639.61,574.13,1177.57,0.8729
22670465,227.88,1237.69,444.7,1466.61,0.4818
22670465,466.51,1741.9,568.52,1857.22,0.1724
22670465,619.95,1301.36,730.99,1442.5,0.1538
22670465,454.97,963.27,570.48,1092.74,0.0737
22670465,354.24,1186.69,779.11,1613.32,0.0648
22670465,528.16,1565.8,613.51,1652.13,0.0621
22670488,2137.46,1601.8,2346.96,1808.59,0.6064
22670488,1533.81,1373.57,1933.58,1788.48,0.0993
22670488,1610.75,1002.41,2054.59,1421.01,0.0944
22670488,1665.25,1016.02,2097.81,1401.73,0.6641
22670488,2135.98,1602.7,2346.29,1808.01,0.1275
22670488,1533.76,1371.43,1937.21,1790.16,0.0833
22670511,822.09,1493.09,958.82,1660.27,0.5845
22670511,524.12,1193.64,745.85,1437.63,0.1604
22670511,24.14,32.32,198.93,288.97,0.1101
22670511,868.57,1692.23,1050.41,1937.43,0.0508
22670511,119.59,1605.78,914.31,2466.1,0.8625
22670511,276.19,966.94,963.4,1705.17,0.4509
22670511,549.45,1205.79,717.54,1406.85,0.156
22670511,502.71,1600.38,657.14,1784.07,0.1476
22670511,348.8,1775.43,570.44,2051.61,0.0593
22670511,227.63,2009.95,539.88,2214.74,0.0523
22670620,3104.89,633.27,3282.61,754.94,0.2505
22670620,2647.08,2843.11,2774.44,2963.12,0.0534
22670620,3077.15,562.22,3327.0,876.24,0.7907
22670620,2893.35,1098.2,3161.25,1335.19,0.4809
22670620,1962.05,1843.11,2193.53,2061.22,0.168
22670620,2646.07,2842.42,2774.93,2963.22,0.062
22670643,1759.81,1702.58,1890.38,1854.2,0.1135
22670673,2980.76,1230.92,3316.35,1434.25,0.6624
22670673,3038.03,1236.27,3296.73,1417.18,0.236
22670809,2958.68,2460.36,3319.73,2887.14,0.4104
22670809,2429.68,2303.75,2618.96,2611.05,0.3392
22670809,2987.61,2492.04,3295.89,2844.49,0.4795
22670855,2685.19,1799.22,2972.97,2073.22,0.7508
22670855,2346.35,1951.82,2469.83,2080.14,0.1382
22670855,2598.03,1710.21,3068.66,2141.35,0.2527
22670855,2345.56,1951.32,2469.68,2079.6,0.0594
22670978,325.16,1202.48,511.41,1434.03,0.4249
22670978,1100.44,1940.26,1219.59,2049.44,0.2107
22670978,455.04,1942.99,588.26,2085.33,0.1555
22670978,360.14,1249.19,487.93,1410.76,0.4437
22670978,454.98,1943.52,588.71,2084.92,0.3405
22670978,16.49,692.24,643.91,1465.15,0.1699
22670978,23.31,1486.85,975.01,2205.87,0.1414
22670978,205.86,1388.03,282.68,1462.54,0.0742
22671003,35.16,1703.66,167.73,1864.58,0.3645
22671003,689.91,1418.25,833.07,1622.32,0.2411
22671003,321.11,430.05,533.53,627.25,0.2282
22671003,713.8,1478.34,835.55,1649.52,0.5309
22671003,35.48,1703.86,168.05,1864.51,0.3853
22671003,56.81,1316.97,896.08,2015.02,0.1519
22671003,438.88,2201.02,706.77,2419.05,0.067
22671003,295.29,952.26,522.91,1166.61,0.0621
22678449,1255.57,1349.93,1519.08,1604.22,0.269
22678449,2235.94,1813.71,2344.13,1921.69,0.0531
22678472,704.91,1345.39,1030.29,1625.19,0.17
22678472,515.4,1558.13,703.21,1773.08,0.116
22678472,486.5,1544.31,684.0,1768.06,0.2451
22678495,1178.44,1992.0,1435.22,2244.76,0.2339
22678495,1270.16,2081.44,1334.6,2160.27,0.0755
22678495,1475.61,1732.82,1593.28,1863.05,0.0793
22678518,590.96,1224.64,687.91,1311.16,0.0908
22678646,123.91,1610.49,367.62,1862.62,0.365
22678646,747.57,1560.82,879.82,1718.03,0.1327
22678646,122.85,1610.19,368.74,1863.4,0.2518
22678670,1957.37,1494.45,2079.64,1646.13,0.1635
22678670,2102.35,475.01,2310.5,751.54,0.0674
22678670,2240.58,1015.05,2475.67,1226.11,0.2793
22678670,2103.3,474.32,2311.9,754.34,0.171
22678670,1957.47,1494.34,2079.62,1646.92,0.0678
22678694,26.44,2168.71,349.08,2510.27,0.7175
22678694,251.62,656.33,581.86,1006.81,0.4295
22678694,5.95,2138.99,373.34,2483.28,0.2981
22678787,1502.03,1580.79,1745.83,1815.33,0.7464
22678787,1551.13,2410.87,1767.65,2585.55,0.4406
22678787,1912.79,1654.82,2556.87,2363.34,0.3134
22678787,1241.47,824.24,1607.47,1164.67,0.2644
22678787,1914.42,1654.71,2557.6,2362.82,0.5045
22678787,1648.7,805.52,2112.72,1229.44,0.1091
22678787,1259.66,697.77,1687.43,1152.71,0.0893
22678787,1552.85,1629.95,1676.83,1762.06,0.0832
22678810,534.47,719.08,767.16,948.53,0.4485
22678810,851.79,1670.04,1066.38,1990.81,0.3124
22678810,76.78,433.5,286.97,623.16,0.3042
22678810,607.43,798.43,674.24,854.58,0.1002
22678810,519.17,1443.13,956.77,1847.28,0.1185
22678833,1294.14,1074.89,1523.8,1267.32,0.5415
22678833,1887.73,2848.79,1974.21,2930.03,0.1267
22678833,2071.8,2172.8,2558.39,2642.63,0.1011
22678833,1102.92,1379.54,1305.18,1666.96,0.0794
22678833,1183.82,1067.35,1561.39,1419.18,0.1537
22678833,2167.45,2186.19,2558.39,2610.67,0.0899
22678833,1143.88,1779.99,1580.49,2233.47,0.0714
22678833,1103.3,1378.88,1305.58,1667.82,0.052
22678856,1095.84,1907.3,1181.29,1990.93,0.0721
22678856,873.86,1497.0,1302.83,2005.95,0.1676
22678953,2910.59,2493.69,3145.83,2720.04,0.1694
22678953,2655.12,924.26,2941.55,1141.63,0.1062
22678953,2944.55,2172.22,3209.31,2431.43,0.0714
22678953,2655.39,924.37,2942.28,1142.65,0.4237
22678953,2369.85,1987.01,2609.39,2271.81,0.0642
22678980,639.33,2923.0,834.31,3094.01,0.5716
22678980,314.5,1399.39,554.94,1707.19,0.1353
22678980,23.16,994.29,642.54,1860.72,0.1342
22678980,1164.39,1569.77,1311.01,1725.89,0.0852
22679008,2358.64,1948.49,2606.82,2225.02,0.2573
22679008,1635.47,2781.51,1836.13,3026.15,0.1516
22679008,2388.88,2003.32,2546.08,2223.29,0.2777
22679008,2315.19,2942.09,2607.14,3228.71,0.1299
22679036,1326.72,2067.0,1570.59,2365.81,0.6564
22679036,68.27,1140.57,239.94,1310.6,0.4972
22679036,970.73,1636.08,1226.34,1945.21,0.1557
22679036,1478.84,2752.95,1753.7,3055.14,0.1471
22679036,925.13,2821.33,1072.88,2992.15,0.0623
22679036,971.24,1634.67,1226.75,1947.87,0.3829
22679036,56.06,1139.99,210.6,1326.69,0.0862
24055051,198.7,1742.46,530.2,2109.81,0.0933
24055078,2329.28,566.96,2509.46,759.74,0.0755
24055149,946.27,2154.46,1027.11,2238.7,0.0709
24055149,271.41,2370.27,742.23,2760.38,0.0655
24055149,142.11,1208.12,816.17,2005.59,0.0545
24055149,220.23,1122.32,880.85,2010.33,0.8785
24055149,746.77,2140.44,1024.52,2329.74,0.1656
24055149,306.06,1351.84,580.17,1561.8,0.1611
24055176,2076.29,1698.02,2292.38,1940.8,0.1664
24055176,1850.19,977.52,2058.17,1191.42,0.1443
24055176,1581.81,1762.79,1732.73,1925.25,0.1353
24055176,1829.01,1253.8,1900.24,1314.76,0.106
24055176,1554.74,1758.96,1807.5,1961.56,0.439
24055176,2075.45,1698.18,2293.84,1941.17,0.2903
24055176,1445.42,1444.67,2466.45,2104.6,0.253
24055176,1836.18,1549.25,2134.42,1756.34,0.2078
24055176,1771.87,918.12,2135.96,1355.93,0.1924
24055176,1828.98,1253.87,1900.65,1315.06,0.1389
24055176,2324.48,1456.56,2519.81,1704.95,0.0939
24055203,769.58,2140.69,1010.21,2319.13,0.0922
24055203,20.28,1712.94,328.2,1947.5,0.0673
24055203,3.0,1468.35,555.92,2188.53,0.8797
24055203,768.73,2140.28,1008.99,2318.49,0.066
24055203,291.59,1852.2,487.17,2049.49,0.054
24055274,1520.37,2264.04,1803.95,2588.86,0.5732
24055274,362.91,1517.29,849.71,2019.86,0.0966
24055274,336.79,1567.83,893.11,2056.2,0.9079
24055274,1110.6,2396.32,1356.45,2626.9,0.0577
24055328,1674.12,2349.4,1896.37,2617.33,0.171
24055355,562.74,1306.35,1122.73,1781.15,0.9764
24055382,2427.78,1272.48,2573.5,1427.0,0.1256
24055382,2144.56,1067.79,2316.95,1238.88,0.0624
24055445,65.38,2568.67,241.55,2769.84,0.8108
24055483,310.23,1741.93,691.06,2129.45,0.054
24055483,341.75,1803.34,639.39,2088.97,0.8286
24055502,2309.6,2301.34,2552.47,2518.69,0.1696
24055502,2371.47,2394.97,2449.42,2457.06,0.1137
24055502,1903.31,2574.84,2083.28,2755.86,0.0524
24055502,1902.92,2575.94,2085.05,2756.66,0.7267
24055502,2310.32,2254.74,2575.21,2512.28,0.1499
24055502,2387.17,2379.29,2471.89,2451.0,0.1095
24055502,2036.03,2043.85,2149.84,2156.4,0.0986
24055573,1287.87,1959.23,1580.3,2253.63,0.161
24055573,261.42,1336.63,384.17,1459.14,0.094
24055573,766.18,1266.18,1291.44,1782.02,0.0732
24055573,248.83,1782.37,545.89,2060.91,0.062
24055573,250.31,1781.34,545.66,2059.83,0.0725
24055573,767.03,1265.59,1291.5,1783.44,0.0541
24055600,2926.78,1421.89,3110.03,1585.07,0.0893
24055600,2421.29,2509.87,2780.58,2900.37,0.6736
24055600,2100.4,1487.58,2545.73,1916.85,0.1178
24055600,1862.77,1739.49,2109.21,1960.07,0.0571
24055600,1873.21,2084.66,2146.07,2335.6,0.0566
24055627,272.24,1244.97,566.24,1533.51,0.1367
24055627,271.6,1245.92,567.88,1534.81,0.6023
24055627,22.9,1824.22,626.39,2265.59,0.0727
24055654,2850.36,2378.93,3066.85,2594.34,0.3155
24055654,2834.79,1675.81,3130.89,1924.55,0.1935
24055654,2251.02,2051.28,2796.24,2492.29,0.7918
24055654,2833.34,1676.25,3133.08,1924.91,0.351
24055654,2528.94,2219.83,2668.65,2373.61,0.1088
24055654,2877.92,2430.09,3009.13,2553.64,0.0903
24055725,483.31,1878.88,782.82,2064.96,0.2545
24055725,1040.53,2304.04,1129.07,2396.65,0.2318
24055725,1040.21,1700.44,1162.11,1843.27,0.0503
24055725,763.89,2025.78,1210.84,2478.74,0.7238
24055725,1017.08,1695.03,1148.04,1846.91,0.3987
24055725,1047.75,2313.91,1138.24,2416.43,0.3365
24055725,426.99,1334.87,1220.36,1990.95,0.251
24055725,628.9,2325.06,726.35,2421.7,0.1947
24055725,912.52,1386.88,1127.98,1616.41,0.1619
24055725,323.07,0.0,626.26,159.22,0.1472
24055725,740.0,1691.0,852.18,1798.53,0.1439
24055725,1014.16,1957.33,1113.57,2053.2,0.0906
24055725,480.77,1879.74,783.72,2064.45,0.0623
24055725,663.44,1926.42,742.87,1990.65,0.0581
24055725,885.56,2375.93,981.4,2468.58,0.0515
24055752,2291.37,1873.49,2388.16,1971.75,0.2474
24055752,1682.97,1183.63,1888.35,1425.03,0.2275
24055752,956.86,1879.37,1093.9,2054.23,0.1839
24055752,1949.76,1431.66,2242.25,1772.22,0.1249
24055752,1711.05,727.42,1912.67,930.56,0.0932
24055752,1471.28,2193.42,1749.7,2390.24,0.0797
24055752,1222.75,1654.22,1412.04,1911.84,0.5873
24055752,1661.86,1143.85,1886.16,1411.78,0.5647
24055752,1470.83,2193.45,1750.44,2390.95,0.5168
24055752,2291.54,1873.45,2388.27,1971.83,0.117
24055752,1180.75,933.97,2155.04,1568.49,0.0873
24055752,1913.93,1399.71,2295.21,1765.09,0.085
24055779,1307.08,1592.97,1564.36,1874.05,0.6101
24055779,774.84,1311.29,1001.3,1570.9,0.1811
24055779,460.89,2237.64,538.49,2309.25,0.1501
24055779,1047.71,1415.95,1140.39,1542.99,0.09
24055779,975.09,2085.38,1085.15,2210.06,0.0844
24055779,739.06,1233.25,1171.26,1665.8,0.3037
24055779,920.86,1868.45,1127.09,2195.24,0.2005
24055779,386.88,2003.61,826.71,2433.9,0.0974
24055779,1047.88,1415.19,1140.49,1544.63,0.0946
24055779,725.09,2187.82,852.27,2314.42,0.0819
24055779,764.29,1824.26,888.83,1953.5,0.0644
24055779,460.52,2237.87,538.9,2308.97,0.0633
24055779,1367.28,1683.04,1512.93,1824.92,0.0502
24055806,2159.55,826.98,2394.33,1093.34,0.2609
24055806,1189.55,1444.76,1531.44,1774.91,0.1121
24055806,1730.71,1695.64,1918.59,1910.67,0.0745
24055806,1670.71,1246.75,1847.23,1548.8,0.0696
24055806,1613.29,1144.54,1936.74,1642.9,0.6752
24055806,1730.87,1694.6,1919.71,1911.35,0.2101
24055806,1685.9,1373.45,1793.54,1491.32,0.2093
24055806,1997.74,1400.15,2540.05,2079.2,0.1423
24055806,1929.94,719.32,2536.35,1465.4,0.1385
24055806,2153.9,1587.95,2238.31,1675.31,0.0826
24058686,438.0,3008.39,661.51,3250.77,0.5828
24058686,505.57,3103.24,577.16,3156.17,0.2115
24058686,1374.36,2192.2,1615.41,2415.15,0.0912
24058686,963.06,2395.69,1090.73,2501.76,0.0826
24058686,631.59,2690.84,885.87,2992.0,0.7174
24058686,1374.21,2191.45,1616.29,2416.52,0.4877
24058686,495.77,3067.72,621.28,3201.17,0.1807
24058686,962.19,2395.92,1091.43,2501.8,0.0834
24058686,1575.6,1638.84,1745.16,1868.51,0.0823
24058738,450.36,2236.75,599.02,2394.9,0.5265
24058738,371.89,2112.83,910.5,2631.11,0.11
24058738,696.16,2326.9,840.54,2475.9,0.0608
24058738,564.77,2269.14,855.84,2527.57,0.4357
24058738,434.9,2239.9,554.72,2361.83,0.0835
24065251,69.31,408.25,220.8,575.63,0.483
24065251,2.64,585.16,226.85,925.98,0.3464
24065251,662.06,991.63,1156.74,1569.37,0.1004
24065251,555.91,1048.2,1149.86,1599.83,0.8603
24065251,907.44,1328.13,1031.3,1472.76,0.1043
24065251,3.6,585.53,226.53,924.61,0.09
24065270,2171.5,2027.33,2324.12,2170.26,0.0666
24065270,3231.83,1435.33,3326.97,1538.55,0.0527
24065270,2428.43,2381.32,2749.89,2631.77,0.1607
24065270,2171.63,2027.49,2324.64,2170.23,0.1111
24065289,303.75,1706.67,863.35,2348.68,0.9087
24065289,600.61,2030.92,772.08,2216.19,0.0535
24065380,674.78,997.96,908.89,1231.55,0.0918
24065380,975.88,1130.64,1380.55,1595.65,0.0551
24065380,976.35,1126.46,1379.54,1597.58,0.07
24065380,2.23,3339.32,189.52,3601.05,0.051
24065407,1646.39,2325.82,1914.42,2596.51,0.0803
24065407,1999.53,1765.68,2919.96,2539.74,0.2729
24065461,2698.13,1037.06,3145.38,1588.64,0.0648
24065461,2463.82,1854.63,2959.83,2540.76,0.693
24065461,2694.42,1033.61,3148.49,1587.09,0.071
24065530,19.04,1817.41,887.15,2705.73,0.6732
24065557,1267.47,2023.23,1473.42,2269.35,0.105
24065557,1866.71,317.67,2047.62,584.66,0.0596
24065557,1471.44,1986.44,1893.75,2371.38,0.0511
24065584,151.29,2902.7,408.3,3164.47,0.5756
24065584,226.7,3016.47,309.9,3096.67,0.0813
24065611,2272.16,559.19,2491.57,738.45,0.0877
24065611,2271.65,559.61,2492.58,738.37,0.0769
24065611,1551.48,1207.76,1746.86,1454.89,0.0578
24065680,707.58,1733.31,953.26,1998.43,0.1627
24065680,663.67,1701.72,991.54,2072.5,0.0634
24065707,2926.39,1492.29,3215.48,1796.68,0.0516
24065707,2921.3,1476.76,3201.62,1754.72,0.7712
24065761,3087.89,1014.91,3249.42,1185.85,0.8953
24065761,3102.64,1308.5,3192.27,1385.47,0.0689
24065761,2909.02,802.71,3327.0,1703.72,0.0526
24065833,405.66,2178.79,607.44,2398.66,0.0535
24065833,1039.42,1852.34,1232.64,2108.14,0.0548
24065860,1457.61,2282.41,1713.53,2533.83,0.2848
24065860,2227.93,546.35,2444.59,779.28,0.0781
24065860,1706.23,2337.82,1938.87,2536.68,0.0509
24065860,1314.07,893.73,1539.4,1108.34,0.2806
24065860,1456.74,2282.63,1714.49,2534.17,0.2095
24065860,2229.43,544.61,2445.04,780.27,0.0911
24065860,1479.97,1047.99,2522.61,1874.29,0.0799
24065860,2020.31,1919.49,2370.13,2288.33,0.0595
24065887,462.34,1569.76,682.27,1799.41,0.3609
24065914,2392.35,1392.23,2497.75,1496.49,0.0841
24065914,2392.0,1392.61,2497.93,1496.95,0.27
24065914,1852.3,596.56,2294.28,999.6,0.1375
24065914,2173.35,1369.82,2537.83,1790.99,0.0714
24065914,2454.03,2033.05,2519.73,2103.22,0.0505
26933772,2081.59,1146.58,2528.91,1553.92,0.0519
26933801,295.47,1810.52,496.34,2011.04,0.4062
26933801,4.39,1227.92,339.41,1624.15,0.3041
26933801,186.62,1289.2,252.59,1351.95,0.1018
26933801,314.2,1814.56,521.97,2028.53,0.2477
26933801,1.26,1252.32,464.3,1999.83,0.2357
26933801,18.85,1468.82,110.36,1566.21,0.0718
26933801,132.84,1277.41,281.26,1504.54,0.0571
26933830,1591.16,1937.68,1854.2,2173.27,0.3391
26933830,1989.79,1147.32,2524.77,1992.79,0.0543
26933859,309.66,1673.88,568.33,1906.96,0.5148
26933859,51.42,1591.2,206.87,1765.67,0.2776
26933859,405.03,1761.03,486.77,1826.35,0.1033
26933859,75.19,1373.53,288.69,1576.58,0.0655
26933859,3.52,1286.97,515.63,1982.71,0.756
26933859,51.22,1591.29,206.89,1765.38,0.2863
26933859,377.27,1741.1,476.73,1832.76,0.2628
27829134,2789.24,1960.08,2990.9,2203.17,0.1131
27829134,2591.07,2091.84,2932.33,2497.11,0.059
27829134,2541.29,1975.29,3059.05,2503.35,0.9326
27829161,1106.13,1909.48,1234.86,2052.71,0.12
27829161,1127.78,1955.5,1223.7,2052.74,0.1657
27829188,2709.85,409.86,2992.77,691.88,0.4426
27829188,2362.7,1873.55,2709.74,2248.09,0.0908
27829188,2123.11,1534.37,2877.85,2351.89,0.9247
27829188,2729.35,341.85,3016.02,709.65,0.2016
30011507,140.55,1738.86,358.33,1958.58,0.1466
30011507,43.37,2035.87,334.86,2370.09,0.0617
30011507,92.46,2090.57,270.88,2332.25,0.7098
30011507,140.98,1737.6,359.24,1960.59,0.1784
30011530,2424.38,2351.99,2546.21,2489.59,0.3222
30011530,2466.88,2381.87,2540.0,2459.1,0.1445
30011530,2242.72,2071.33,2474.42,2254.11,0.1132
30011553,255.33,1849.24,377.9,1975.97,0.2315
30011553,410.39,1599.57,577.22,1797.39,0.1762
30011647,1732.85,1156.84,1922.15,1346.77,0.2244
30011647,1650.32,819.93,1772.31,939.71,0.1475
30011647,1783.28,1226.12,1865.83,1304.0,0.1263
30011674,515.03,964.85,901.47,1359.63,0.5595
30011674,1180.26,1022.11,1320.89,1184.83,0.0558
30011674,526.8,926.18,922.68,1327.39,0.2763
30011700,1177.28,1787.17,1544.61,2161.1,0.1213
30011700,1545.19,2216.67,1666.1,2331.17,0.0669
30011727,842.93,1523.43,1105.26,1739.68,0.2864
30011727,788.06,1435.04,1198.79,1802.63,0.6328
30011727,926.47,1212.52,1158.93,1408.85,0.1038
30011824,12.28,747.44,506.34,1166.37,0.1125
30011824,1257.31,1504.89,1519.12,1773.29,0.0628
30011824,58.86,692.65,521.53,1237.94,0.7451
30011824,155.58,933.97,321.29,1081.37,0.0935
30318067,337.18,749.04,468.74,911.59,0.1676
30318067,554.28,1266.34,1017.03,1788.32,0.117
30318067,1386.22,2445.02,1588.99,2686.17,0.0849
30318067,556.45,1264.58,1017.63,1790.34,0.6932
30318067,699.15,1398.02,830.65,1528.9,0.0833
50993426,696.08,1804.85,881.02,1976.98,0.2041
50993426,741.49,1854.03,832.75,1926.37,0.072
50993426,1034.1,1270.53,1227.43,1482.89,0.0571
50993616,229.04,401.05,464.24,632.36,0.1068
50993616,664.09,2039.53,1378.98,2741.13,0.1084
50993616,229.4,400.46,463.86,631.81,0.0546
50993643,780.26,1845.75,993.68,2106.06,0.4573
50993643,1375.57,1577.81,1620.01,1889.73,0.0937
50993643,682.24,905.62,1020.08,1303.52,0.0501
50993643,706.63,1772.51,1064.55,2155.0,0.2617
50993670,915.55,2068.61,1348.53,2609.11,0.2131
50993697,607.59,1241.19,838.51,1484.03,0.3321
50993697,1178.77,1826.35,1492.94,2107.0,0.2108
50993697,534.73,1940.03,925.42,2405.04,0.106
50993787,303.23,1186.36,598.4,1441.44,0.4613
50993787,546.02,1334.77,736.31,1461.48,0.1573
50993787,499.47,2115.97,650.2,2316.67,0.0655
50993787,507.3,2154.71,660.49,2374.64,0.1504
50993787,544.7,1334.4,736.12,1461.37,0.0741
50993787,314.33,1174.92,539.84,1448.39,0.0568
50993814,1522.45,2171.96,1804.3,2382.42,0.243
50993814,1884.02,1608.46,2040.62,1814.29,0.0631
50993814,1582.4,2562.56,1672.08,2647.1,0.0594
50993814,1730.01,1516.87,2150.49,1943.83,0.1149
50993814,1215.94,1916.81,1350.94,2064.19,0.1059
50993814,1519.38,2172.56,1804.84,2381.99,0.0932
50993814,1345.67,1769.82,1710.76,2106.64,0.0634
50993841,624.83,1150.2,813.49,1394.72,0.2169
50993841,458.34,1235.9,545.85,1326.64,0.0799
50993841,621.48,1030.03,1038.62,1461.03,0.1007
50993841,627.9,1751.35,992.16,2086.29,0.0739
50993841,288.44,698.87,627.51,1102.02,0.068
50993868,1654.35,2287.79,1858.74,2509.93,0.1704
50993868,1129.46,1065.9,1259.55,1226.74,0.1199
50993868,1279.51,1103.92,1389.37,1235.83,0.0939
50993868,1281.61,826.64,1485.31,1059.77,0.0636
50993868,1919.94,1206.67,2058.61,1357.08,0.0625
50993868,1538.17,2204.01,1923.59,2592.6,0.2191
50993868,1281.97,824.8,1486.0,1062.21,0.1529
50993868,1085.24,1026.43,1292.75,1242.92,0.1216
50993868,1897.95,1141.28,2104.89,1405.11,0.0963
50993868,1398.14,905.32,1804.82,1350.41,0.0918
50993868,1761.24,1989.11,1915.25,2194.4,0.0586
50993868,1010.52,1355.06,1367.56,1788.42,0.0529
50993895,348.19,1024.4,633.61,1184.45,0.3615
50993895,624.65,1183.15,807.53,1322.01,0.1518
50993895,643.2,2142.84,786.35,2316.05,0.0582
50993895,593.61,1170.18,828.26,1336.39,0.0515
50993922,774.14,2454.07,990.15,2673.58,0.5409
50993922,1523.53,2555.39,1626.16,2663.58,0.0633
50993922,1357.78,1781.38,2079.39,2489.92,0.09
50993922,1666.95,1478.31,2075.72,1878.99,0.0748
50993922,1717.46,2096.21,1956.24,2276.73,0.0731
50993922,863.19,1867.2,1311.13,2335.16,0.0559
50993922,896.32,1508.12,1338.66,1941.73,0.052
50993949,769.81,1140.61,1005.76,1383.74,0.7055
50993949,706.93,2044.86,898.29,2286.31,0.0658
50993949,362.35,688.11,512.04,844.74,0.0613
50993949,698.83,2020.37,871.1,2269.65,0.1562
50993949,705.37,1060.23,1049.92,1424.09,0.0873
50993949,744.22,2355.77,904.6,2552.93,0.0659
50993976,1954.4,1314.75,2158.24,1486.34,0.1196
50993976,1607.2,844.73,1808.39,1077.92,0.0613
50993976,1953.99,1314.62,2159.36,1486.6,0.4369
50993976,1334.67,977.71,1485.59,1159.19,0.0748
50993976,1214.06,1554.23,1929.67,2223.36,0.0616
50993976,1490.77,1179.92,1718.11,1380.11,0.0539
50994110,179.98,2018.7,365.18,2225.37,0.1096
50994110,154.0,2023.61,385.53,2246.69,0.7196
50994110,379.67,1390.55,774.78,1806.44,0.1436
50994137,2325.2,595.37,2534.47,836.66,0.2853
50994137,1965.87,950.22,2434.65,1430.85,0.0739
50994164,342.43,1785.19,614.77,2003.15,0.1074
50994164,5.62,988.6,368.42,1421.28,0.3078
50994164,342.68,1785.54,616.81,2002.47,0.2404
50994164,175.42,2176.3,365.23,2361.22,0.0847
50994191,2394.96,777.15,2532.33,913.52,0.2002
50994191,1989.56,1297.56,2513.15,1691.19,0.11
50994273,2197.88,332.12,2436.02,552.62,0.1332
50994273,2198.53,332.45,2436.25,553.86,0.1301
50994300,2039.52,1685.46,2224.24,1947.1,0.1719
50994300,2232.72,1344.54,2484.91,1558.58,0.0807
50994300,2117.51,944.7,2514.7,1285.44,0.0642
50994327,25.33,1968.24,473.87,2366.54,0.6126
50994327,362.28,1456.2,791.41,1915.27,0.1367
50994354,2220.21,803.05,2424.87,1041.99,0.5307
50994354,2143.06,760.64,2496.07,1099.96,0.3883
50994381,310.26,1304.56,567.19,1496.48,0.0794
50994381,242.93,1912.44,481.08,2120.53,0.0685
50994381,11.54,986.99,427.15,1447.66,0.0525
50994408,2137.32,984.76,2523.19,1350.38,0.108
50994535,2068.83,1910.69,2575.2,2326.99,0.6566
50994535,2243.28,2388.86,2531.86,2629.8,0.0849
50994535,2256.28,1426.03,2376.34,1546.96,0.0773
50994535,2155.22,1990.13,2474.45,2257.77,0.3179
50994535,2256.84,1426.09,2376.27,1547.1,0.1083
50994535,2241.33,2388.26,2533.71,2627.7,0.0792
50994535,2603.57,1301.99,2874.79,1582.79,0.0621
50994535,1653.64,1870.36,2837.56,2661.72,0.0615
50994562,2564.56,1634.96,2828.02,1900.12,0.275
50994562,2020.77,1646.31,2152.43,1828.14,0.051
50994562,2563.94,1634.94,2827.12,1899.67,0.2547
50994589,2166.06,1748.88,2413.71,2107.51,0.0761
50994706,1827.2,1554.18,2203.57,2050.15,0.1409
50994706,1849.81,1532.43,2216.07,1964.06,0.4666
50994733,570.29,1138.11,777.72,1313.27,0.6192
50994733,724.65,1006.69,848.13,1148.67,0.2543
50994733,1058.41,1954.85,1224.58,2139.93,0.1351
50994733,426.06,1338.11,870.08,1746.49,0.1626
50994733,410.68,1775.32,923.24,2184.72,0.1113
50994733,568.48,1138.98,777.85,1312.97,0.0815
50994760,2306.52,1432.81,2414.15,1546.03,0.0521
50994760,1739.1,1388.4,2072.51,1735.88,0.2946
50994787,895.39,1428.15,1225.83,1741.62,0.1259
50994787,532.97,1346.21,764.93,1578.22,0.0817
50994814,724.83,1074.78,866.58,1270.65,0.206
50994814,216.3,813.78,458.22,1053.11,0.1644
50994814,593.44,2126.71,710.76,2241.52,0.1514
50994814,488.31,1723.28,702.98,1960.99,0.079
50994814,593.2,2127.15,710.96,2241.63,0.1775
50994814,725.1,1074.97,865.54,1270.36,0.1764
50994814,408.14,1299.94,841.09,1706.9,0.1231
50994814,488.6,1723.36,703.38,1962.6,0.0618
50994841,1942.57,2209.1,2307.34,2587.61,0.5952
50994841,1904.44,1168.72,2026.28,1312.99,0.3551
50994841,1432.17,1896.32,1615.13,2070.44,0.3202
50994841,1785.97,1857.5,2002.18,2095.7,0.092
50994841,1736.66,1363.22,1906.52,1586.91,0.0819
50994841,1736.34,1362.68,1908.1,1588.28,0.2555
50994841,1942.08,2206.25,2305.71,2587.62,0.0915
50994841,1922.67,1192.63,2023.78,1301.83,0.062
50994868,299.67,1113.62,548.25,1379.36,0.7608
50994868,118.95,1427.54,344.41,1778.24,0.4854
50994868,947.6,1719.2,1091.91,1866.21,0.0926
50994868,58.72,1175.86,224.72,1354.18,0.0586
50994868,134.68,1461.29,352.99,1720.09,0.2848
50994868,5.69,1114.87,770.11,2009.76,0.1555
50994868,28.39,1730.96,210.18,1988.51,0.0613
50994895,1484.16,1437.8,1625.94,1572.37,0.2545
50994895,1903.13,1241.21,2311.57,1596.88,0.1555
50994895,1879.32,845.34,2328.23,1227.99,0.1416
50994895,1951.3,1861.05,2145.0,2122.77,0.0912
50994895,1901.61,1240.84,2313.72,1597.62,0.3345
50994895,2026.05,1411.31,2144.55,1524.19,0.1453
50994895,2209.43,1517.04,2459.6,1743.67,0.1332
50994895,1879.11,844.67,2329.2,1228.04,0.0933
50995762,2186.26,1972.75,2255.06,2030.74,0.0657
50995762,1814.19,1859.12,2237.74,2255.56,0.106
50995762,2186.12,1972.87,2255.71,2030.66,0.0632
50995789,2215.85,1419.66,2326.58,1527.2,0.2306
50995789,1970.34,1188.59,2063.12,1276.06,0.4574
50995789,2200.95,1420.73,2306.84,1525.83,0.0734
50995872,949.87,1648.09,1290.73,2063.97,0.1375
50995899,614.01,1137.79,1109.23,1545.57,0.3772
50995899,452.83,1376.45,707.91,1567.95,0.0733
50996056,491.13,1976.99,782.02,2223.28,0.0671
50996056,500.58,1993.51,847.59,2237.51,0.3505
50996083,2437.56,2342.72,2747.43,2584.54,0.2457
50996083,2435.95,1979.41,2517.88,2043.77,0.0881
50996083,2303.88,1781.7,2598.35,2058.34,0.059
50996110,457.77,2276.81,703.41,2556.55,0.3605
50996137,2731.45,1258.07,2920.59,1483.15,0.0856
50996137,2657.55,1236.62,2923.8,1491.24,0.4975
50996201,963.69,1821.12,1080.85,1962.32,0.0539
50996201,56.52,1030.28,1056.46,1684.75,0.237
50996201,372.13,1686.49,835.53,2080.58,0.0882
50996201,970.05,1827.98,1061.99,1938.84,0.067
50996228,8.44,988.44,740.14,1701.33,0.3664
50996352,2236.24,942.05,2323.38,1022.25,0.3329
50996352,1810.32,1349.8,2178.96,1698.78,0.1774
50996352,1868.84,1373.05,2170.14,1678.32,0.8454
50996379,653.3,1598.84,751.36,1694.38,0.0569
50996379,652.83,1598.89,751.9,1694.46,0.3124
50996379,535.2,2279.48,631.59,2354.21,0.0728
50996379,509.99,1488.29,874.83,1838.46,0.0545
50996406,2201.33,1176.06,2495.77,1498.87,0.293
50996406,2108.89,1108.5,2558.39,1550.1,0.7989
50996709,1976.84,1479.65,2212.95,1801.98,0.1493
50996709,1965.04,1181.29,3021.97,1969.89,0.152
50996709,2147.44,1300.07,2333.82,1479.97,0.0634
50996736,1873.44,1659.93,2126.09,2024.99,0.2485
50996736,2566.73,775.8,3140.22,1235.35,0.2117
50996736,2775.07,1631.11,3021.51,1935.91,0.1086
50996736,2790.35,2018.64,2945.88,2165.54,0.0947
50996736,2702.82,1273.07,2832.57,1396.31,0.0691
50996736,2776.6,1630.24,3020.81,1937.6,0.0706
50996736,2685.74,850.75,3239.03,1337.83,0.0662
50996854,1269.66,741.76,1454.88,909.24,0.5052
50996854,1293.79,775.03,1415.98,883.53,0.0655
50996881,2304.43,1372.55,2826.97,1870.98,0.1053
50996945,730.97,1512.46,946.14,1755.52,0.0898
50996972,3029.93,1188.06,3177.34,1318.78,0.5002
50996972,2231.72,1739.69,2801.6,2164.64,0.1401
50996972,2699.92,2054.3,2835.24,2192.54,0.1244
50996972,2153.25,1664.35,2815.27,2158.04,0.7132
50996972,3029.88,1188.45,3176.95,1318.49,0.0721
50996972,2534.16,1870.55,2699.73,2027.02,0.0517
50997026,2566.0,1358.46,3130.92,1897.58,0.4024
50997026,2500.9,1266.08,3206.5,2173.79,0.4919
50997026,2915.18,1916.94,3070.84,2063.92,0.0538
50997080,813.29,1145.28,1018.4,1372.21,0.2336
50997080,675.74,1423.2,1185.91,1782.74,0.0531
50997107,1841.49,1583.57,2019.15,1773.63,0.6526
50997107,1411.25,1276.88,1917.94,1681.72,0.2388
50997107,1398.27,1108.47,2189.28,1834.97,0.736
50997107,1098.92,1275.82,1208.57,1449.51,0.6652
50997134,1770.37,950.42,2219.47,1396.0,0.4767
50997134,2062.4,1386.87,2193.73,1522.53,0.0575
50997134,1776.22,1063.33,2210.09,1469.39,0.386
50997134,1449.75,833.41,1559.98,995.94,0.2771
50997223,543.46,2453.19,652.76,2560.74,0.3398
50997223,705.24,1797.82,826.45,1934.37,0.2257
50997223,452.13,1357.73,659.99,1614.22,0.0521
50997223,396.71,1252.63,782.88,1691.65,0.2735
50997223,543.5,2453.37,652.71,2560.7,0.1253
50997223,381.54,2313.3,763.37,2662.96,0.0825
50997223,705.22,1797.85,826.91,1934.7,0.0521
50997250,1743.84,2044.6,1887.61,2220.01,0.2958
50997250,1321.24,1962.92,1411.13,2069.64,0.2483
50997250,1978.55,1921.6,2122.74,2066.42,0.1332
50997250,1841.56,2677.81,2063.8,2872.44,0.0853
50997250,1502.3,1970.89,1564.99,2037.35,0.0665
50997250,1784.22,2082.26,1891.17,2203.61,0.2681
50997250,1330.41,1988.06,1405.73,2063.93,0.266
50997250,1343.25,1959.47,1548.74,2187.19,0.2102
50997250,1971.38,1902.87,2167.34,2081.57,0.1938
50997250,1341.77,1834.69,2155.04,2497.63,0.1432
50997250,1848.41,2237.11,2088.62,2420.0,0.1028
50997250,1502.08,1970.74,1565.49,2037.61,0.0982
50997250,1931.28,2725.6,2026.46,2808.74,0.0818
50997250,1475.07,1153.56,1880.05,1516.09,0.0767
50997250,1865.73,1563.54,1976.48,1692.06,0.0723
50997250,1764.01,1419.59,2152.97,1810.08,0.0696
50997250,1688.3,2360.62,1778.29,2448.39,0.0593
50997250,2038.55,2011.3,2098.81,2061.29,0.0539
50997250,1640.53,1311.3,1738.23,1398.53,0.0502
50997277,339.57,837.42,681.92,1155.0,0.876
50997277,407.42,1376.19,625.44,1584.49,0.4323
50997277,571.68,1729.38,682.21,1845.1,0.2271
50997277,575.99,2156.38,863.06,2481.29,0.1765
50997277,673.94,1933.8,837.57,2138.15,0.1514
50997277,164.96,1067.22,399.48,1294.64,0.1305
50997277,136.75,1739.46,336.35,1920.5,0.1073
50997277,1013.19,1490.14,1316.42,1783.94,0.0738
50997277,90.82,1108.05,186.66,1198.39,0.068
50997277,360.67,1664.74,741.74,2103.67,0.0624
50997277,620.14,2166.04,832.75,2462.58,0.5476
50997277,9.46,790.47,698.63,1465.46,0.4713
50997277,436.0,1753.41,660.55,2024.94,0.4381
50997277,473.35,1437.42,568.61,1524.61,0.1606
50997277,596.41,1759.68,689.95,1850.57,0.1033
50997277,180.61,1790.41,276.03,1877.54,0.0952
50997277,90.26,1108.12,187.06,1197.89,0.0679
50997277,19.26,2588.22,207.47,2739.07,0.0573
50997304,2273.4,683.03,2534.64,868.25,0.3631
50997304,1451.59,1651.36,1560.54,1749.95,0.1751
50997304,1806.33,2191.54,1882.21,2260.14,0.159
50997304,1970.67,896.78,2133.4,1086.79,0.1481
50997304,1425.05,1360.93,1836.52,1875.4,0.0734
50997304,2373.04,751.19,2442.94,814.72,0.0588
50997304,1463.16,1089.28,2148.3,1941.65,0.695
50997304,1892.49,814.11,2324.68,1252.1,0.5697
50997304,1544.57,1381.37,1791.31,1584.09,0.4249
50997304,1432.81,1588.02,1733.67,1793.83,0.3186
50997304,2007.8,911.39,2137.18,1046.17,0.2257
50997304,1985.54,1160.75,2089.73,1279.78,0.1573
50997304,2218.29,720.55,2474.03,925.56,0.1543
50997304,1806.22,2191.56,1882.65,2260.24,0.1495
50997304,1633.52,1414.41,1706.49,1478.45,0.105
50997304,1590.74,2047.91,2024.08,2368.43,0.0636
50997434,1644.85,2084.72,1884.89,2352.14,0.1935
50997434,941.3,1075.21,1198.7,1358.76,0.1687
50997434,1916.96,2253.3,2170.93,2523.33,0.1038
50997434,410.93,613.7,710.09,901.15,0.0519
50997434,864.54,963.43,1393.92,1502.74,0.1227
50997461,2694.91,1379.11,3011.51,1676.55,0.8968
50997461,1187.08,2422.92,1369.31,2623.67,0.3554
50997461,1747.13,1894.76,1931.24,2125.86,0.1705
50997461,1703.79,1794.23,1961.4,2115.28,0.1041
50997461,1181.12,2397.01,1413.61,2611.68,0.0863
50997461,2645.66,3008.94,2935.27,3260.93,0.0585
50997488,351.06,1975.53,614.8,2260.7,0.3011
50997488,711.71,1106.0,1023.2,1289.33,0.1345
50997488,581.87,1367.34,827.66,1611.71,0.0533
50997488,1169.61,2564.24,1411.77,2870.7,0.2104
50997488,350.7,1974.79,615.97,2261.77,0.1932
50997488,54.45,1620.4,922.98,2510.61,0.0613
50997515,2928.93,1133.52,3238.48,1454.79,0.7889
50997515,2284.87,1210.84,2442.5,1350.73,0.2956
50997515,2925.94,2300.52,3213.56,2528.45,0.2405
50997515,2352.0,2409.2,2498.76,2562.9,0.1301
50997515,1352.86,2210.6,1517.06,2379.62,0.1225
50997515,2651.37,1257.2,2929.32,1601.44,0.0823
50997515,2126.38,1025.78,3320.17,1829.25,0.334
50997515,2981.58,1161.25,3223.91,1427.13,0.1656
50997515,2623.02,1307.71,2920.09,1622.42,0.109
50997515,2235.16,1155.11,2495.55,1383.26,0.0983
50997515,2433.13,2073.14,3300.87,2923.51,0.0775
50997515,2923.9,2301.49,3213.94,2527.17,0.0768
50997515,2405.05,636.81,3076.68,1076.49,0.0601
50997597,261.3,1433.23,407.66,1570.44,0.186
50997597,974.78,1869.1,1080.61,1969.39,0.0531
50997597,271.85,1446.92,397.22,1558.9,0.0623
50997651,458.55,1256.08,696.94,1456.04,0.1846
50997651,515.71,1289.87,670.63,1406.68,0.0604
50997678,2286.75,1874.7,2458.61,2085.64,0.5652
50997678,2306.41,1916.54,2446.84,2064.0,0.2027
50997742,983.44,2787.34,1210.31,2979.76,0.0739
50997796,936.3,2457.61,1107.83,2649.29,0.6434
50997796,488.0,3224.1,622.31,3325.23,0.0595
50997796,487.01,3224.29,623.14,3325.1,0.0893
50997796,948.0,2499.54,1064.44,2612.88,0.0641
50997823,2745.86,1880.0,2856.48,1979.78,0.1086
50997823,2746.16,1879.72,2856.64,1980.41,0.3356
50998032,1962.75,1477.93,2076.13,1603.02,0.0704
50998032,2291.43,894.09,2498.07,1091.45,0.0649
50998032,1463.07,1159.22,1753.62,1350.58,0.0519
50998032,1484.25,811.87,2215.01,1529.79,0.2498
50998059,1189.7,1571.19,1335.73,1774.14,0.2858
50998059,348.97,2313.82,542.36,2503.99,0.0919
50998059,17.99,1595.41,215.25,1769.51,0.0804
50998059,1131.45,1546.56,1368.68,1835.65,0.3636
50998059,779.71,2292.55,1001.75,2519.18,0.1083
50998059,35.76,947.18,1089.29,1637.74,0.079
50998059,860.93,1379.89,964.15,1493.26,0.0592
50998086,1523.47,890.49,1799.85,1216.44,0.0625
50998086,1588.52,929.62,1798.81,1202.77,0.9025
50998086,1469.83,918.1,2472.32,1541.57,0.1277
50998086,1216.86,1110.08,1615.43,1583.23,0.1075
50998113,605.9,2311.56,808.98,2497.66,0.1586
50998113,605.64,2311.16,809.73,2497.92,0.2469
50998204,2919.51,519.67,3066.62,676.81,0.2262
50998204,3043.55,664.35,3261.48,960.19,0.2183
50998204,3043.06,664.16,3262.14,960.29,0.0731
50998231,1153.37,2186.04,1450.7,2427.51,0.085
50998258,1733.34,1783.57,2104.22,2011.47,0.4226
50998322,1967.69,2093.96,2269.5,2278.71,0.4037
50998322,2362.94,254.19,2485.75,375.83,0.1105
50998349,1852.99,1497.16,2100.53,1696.31,0.155
50998349,1852.35,1497.6,2101.52,1696.77,0.146
50998349,2286.28,1456.62,2545.33,1685.22,0.0939
50998467,999.98,1721.42,1212.86,2114.34,0.1565
50998467,1002.11,1719.51,1211.59,2114.85,0.1314
50998580,798.09,1229.73,1033.14,1464.7,0.1626
50998580,1167.07,1764.12,1359.86,2080.71,0.0741
50998580,860.17,1300.17,971.63,1411.88,0.1561
50998580,707.27,1149.67,1199.49,1596.41,0.0516
50998607,2295.76,2511.95,2551.81,2729.99,0.245
50998607,1999.91,2013.29,3040.05,2880.64,0.0624
50998634,1269.7,1865.29,1436.41,2040.85,0.076
50998634,191.5,1311.54,698.05,1776.23,0.4718
50998661,1875.97,1898.86,2014.02,2070.68,0.1344
50998661,2912.26,1125.76,3130.46,1369.92,0.1258
50998661,2791.53,817.86,3246.7,1386.55,0.0577
50998981,2042.47,1050.87,2255.19,1363.7,0.8927
50999008,2061.23,1288.0,2192.61,1463.3,0.0699
50999008,2225.2,1162.02,2467.68,1430.78,0.9037
50999094,942.32,1472.27,1196.1,1694.65,0.1705
50999094,17.58,1190.1,847.31,1967.42,0.0608
50999094,272.95,767.39,614.72,1161.31,0.0585
50999121,1173.53,1722.81,1365.86,1900.02,0.2579
50999121,1173.53,1722.32,1365.75,1900.98,0.1215
50999148,863.8,1359.66,1143.86,1633.1,0.3473
50999148,961.0,1475.85,1038.66,1552.34,0.1035
50999148,686.65,1298.05,804.57,1453.07,0.0558
50999148,11.5,1139.71,694.21,1755.51,0.1826
50999175,1341.95,1609.62,1474.75,1752.35,0.3669
50999175,1341.36,1609.65,1474.37,1752.46,0.0745
50999175,1740.55,912.29,2476.95,1709.05,0.0616
50999246,430.63,1554.48,870.55,1898.05,0.0687
50999246,427.82,1554.31,874.89,1899.37,0.495
50999246,512.62,1687.4,596.93,1761.37,0.0664
50999273,1278.24,2162.86,1492.45,2423.87,0.057
50999273,1682.04,1714.07,2534.12,2391.64,0.1164
50999300,996.06,1547.46,1143.03,1721.87,0.1041
50999300,757.33,1536.14,861.98,1645.05,0.4107
50999300,2.14,918.73,499.87,1307.21,0.1983
50999300,21.09,1189.86,893.15,1683.56,0.1483
50999327,1341.42,1315.65,1505.43,1484.97,0.448
50999327,1340.9,1315.75,1505.3,1485.2,0.1296
50999327,1589.95,970.32,2529.0,1682.98,0.0596
50999432,980.4,1704.11,1465.86,2256.75,0.5398
50999432,1170.72,2446.8,1441.12,2709.51,0.2555
50999432,904.71,1661.26,1383.69,2252.46,0.6446
50999459,835.07,1543.43,1314.16,2090.65,0.9823
51048738,1928.75,2535.73,2227.62,2768.51,0.8711
51048738,1639.77,697.99,1864.63,921.16,0.086
51048765,1752.06,2042.56,1938.75,2273.1,0.6567
51048765,1928.83,2374.31,2210.36,2575.61,0.2067
51048765,2246.23,552.73,2486.8,777.92,0.1988
51048765,1588.14,1293.34,1821.94,1504.14,0.0543
51048891,952.81,1361.91,1202.48,1613.57,0.4935
51048891,413.35,1577.96,535.6,1685.18,0.1518
51048891,1333.5,1951.92,1821.45,2384.59,0.1237
51048891,780.03,1699.02,1273.09,2175.8,0.1488
51048891,1360.09,1995.61,1703.32,2277.38,0.1232
51048918,1793.77,1811.64,2014.97,2075.58,0.292
51048918,2068.06,2076.43,2256.56,2295.71,0.1126
51048918,1706.64,1517.04,1838.52,1672.26,0.0824
51048918,1782.9,1781.8,2044.83,2059.69,0.4124
51048918,1710.7,1517.31,1824.25,1634.42,0.3094
51048945,404.89,2275.22,719.97,2555.8,0.6851
51048945,973.37,2282.56,1337.91,2735.55,0.5282
51048945,1399.39,1898.62,1646.18,2172.23,0.1212
51048945,94.93,1187.56,580.72,1719.29,0.1037
51048945,97.19,1187.39,581.66,1719.17,0.2466
51048945,488.68,1211.23,990.54,1736.95,0.2437
51048945,1039.26,2334.97,1256.34,2688.25,0.225
51048945,1399.74,1897.7,1644.21,2173.7,0.0957
51048945,457.61,2309.03,650.69,2519.66,0.0589
51049053,533.64,2269.61,861.72,2613.08,0.8055
51049053,921.25,1353.97,1487.12,1862.12,0.1382
51049053,577.63,2311.56,824.26,2580.0,0.1198
51049080,1892.47,1173.51,2283.85,1603.91,0.0552
51049080,1846.07,1181.56,2372.41,1617.41,0.579
51049107,308.43,1480.76,623.86,1773.39,0.79
51049107,853.68,3028.11,1167.52,3338.85,0.5453
51049107,963.72,3165.6,1061.02,3253.24,0.1192
51049107,916.21,3120.64,1065.59,3244.36,0.0929
51049134,2266.94,1764.12,2529.04,1999.71,0.0992
51049134,2522.29,1342.11,2764.49,1620.26,0.0875
51049134,2012.08,2548.6,2129.74,2657.95,0.0795
51049134,2436.63,1259.35,2866.83,1686.88,0.2652
51049249,1189.6,1575.54,1413.59,1842.98,0.1807
51049249,1039.37,2068.39,1165.73,2209.81,0.0916
51049249,1385.69,1331.33,1650.18,1637.74,0.0898
51049249,1039.09,2067.86,1165.7,2209.61,0.2258
51049276,1276.78,2174.47,1542.15,2412.03,0.1159
51049462,1110.3,1976.35,1328.96,2195.78,0.1663
51049462,643.02,1488.41,747.14,1611.07,0.1098
51049462,715.65,2526.06,930.61,2700.79,0.0863
51049462,843.71,1945.12,916.11,2007.07,0.0773
51049462,375.0,1334.96,598.35,1532.7,0.1691
51049462,642.88,1488.25,747.99,1611.84,0.1219
51049462,715.96,2525.71,929.91,2700.38,0.1016
51049462,342.03,1092.64,1231.0,1731.3,0.0691
51049489,2285.05,228.38,2530.47,403.31,0.3612
51049489,1827.68,1568.4,2055.61,1795.38,0.3568
51049489,1904.8,1105.31,2021.25,1238.48,0.142
51049489,1443.8,966.27,2126.91,1775.05,0.1055
51049489,1883.25,1061.1,2080.3,1267.3,0.103
51049489,2237.85,141.54,2558.39,495.6,0.0551
51049516,431.05,1626.65,660.31,1854.07,0.2904
51049516,695.65,1805.24,818.07,1914.01,0.1673
51049516,206.29,2337.21,298.55,2424.99,0.0767
51049516,695.51,1805.49,818.08,1913.85,0.3607
51049516,430.17,1627.2,661.52,1855.38,0.3455
51049516,205.89,2336.71,298.95,2424.81,0.0905
51049543,2161.01,810.34,2554.73,1260.4,0.057
51049628,805.93,2171.96,1059.28,2377.56,0.1126
51049628,652.61,1034.25,850.05,1284.88,0.0876
51049628,1029.38,1762.0,1179.24,1948.28,0.0721
51049628,654.22,1033.36,849.6,1286.92,0.0885
51049628,705.26,1251.87,1138.97,1727.03,0.0805
51049655,2011.51,535.94,2290.92,768.58,0.6758
51049655,1754.02,1250.77,1968.29,1497.36,0.4827
51049655,1800.59,1863.2,2044.93,2100.17,0.0742
51049655,2392.81,1745.08,2528.64,1933.05,0.0738
51049655,1943.11,500.66,2313.35,796.66,0.0852
51049655,2393.44,1744.23,2527.31,1933.08,0.0801
51049655,1743.22,1562.07,1956.65,1748.02,0.0746
51049655,1734.71,1200.41,2025.88,1523.0,0.0551
51049682,677.09,1544.85,916.83,1777.0,0.071
51049682,556.36,1966.76,783.48,2149.76,0.0678
51049682,318.75,1696.84,561.28,1902.47,0.0543
51049682,649.4,1357.07,767.98,1475.97,0.3252
51049682,676.37,1545.2,917.69,1777.95,0.0936
51049682,489.74,2538.85,702.35,2715.16,0.07
51049682,628.0,1046.27,810.46,1221.73,0.0618
51070197,2263.61,1861.97,2466.04,2066.38,0.2764
51070197,2413.88,1172.48,2539.5,1319.53,0.0539
51070197,2263.51,1861.19,2465.75,2066.53,0.2243
53580611,349.95,2350.74,578.24,2555.46,0.092
53580611,1138.55,1723.45,1418.71,2001.29,0.1008
53580638,3138.11,2360.47,3218.45,2435.21,0.117
53580638,3138.03,2360.38,3219.05,2435.42,0.1625
53580665,425.35,1137.42,525.48,1210.7,0.1948
53580665,310.09,928.27,639.17,1357.26,0.1238
53580665,307.93,928.12,643.48,1357.91,0.2891
53580665,453.63,1119.55,532.05,1187.31,0.2601
53580665,488.68,1167.93,564.34,1226.55,0.0538
53580692,3145.19,1107.45,3210.96,1164.46,0.0689
53580692,3038.01,1008.79,3241.91,1233.61,0.0624
53580692,2345.66,1611.19,2622.44,1878.21,0.0597
53580692,2952.43,1013.65,3263.73,1249.47,0.5563
53580692,3129.8,1088.1,3221.39,1164.42,0.2201
53580692,2227.27,1175.64,2895.25,1559.63,0.1562
53580692,2753.84,1340.17,2824.02,1398.26,0.078
53580692,2445.26,1700.05,2584.43,1852.21,0.0708
53580804,124.6,2385.4,461.99,2689.16,0.061
53580804,110.97,2358.6,447.84,2664.7,0.8898
53580804,52.71,292.1,163.98,406.9,0.1021
53580804,68.17,1431.7,183.76,1548.44,0.0898
53580831,2443.06,883.65,2630.29,1038.01,0.5339
53580831,2614.24,541.0,2809.1,731.47,0.3654
53580831,2641.83,2738.94,2764.12,2854.85,0.1046
53580831,2322.52,2266.71,2553.67,2512.71,0.2568
53580831,2633.82,2755.28,2743.54,2852.91,0.1983
53580831,3038.98,1399.56,3164.13,1519.63,0.1477
53580831,2442.37,884.2,2629.9,1037.79,0.0749
53580831,2808.02,1395.14,2927.36,1515.26,0.0662
53580858,110.17,1676.63,465.35,2019.96,0.9306
53580858,104.93,3165.02,270.93,3305.29,0.0722
53580885,2861.5,1229.22,3189.0,1470.9,0.0613
53580979,756.52,2113.52,985.56,2302.05,0.173
53580979,504.03,1120.0,912.49,1615.24,0.2287
53580979,541.0,1685.0,757.81,1890.13,0.1856
53580979,464.51,2138.69,734.45,2350.62,0.0723
53581006,1232.15,2079.99,1489.12,2326.31,0.3188
53581006,1796.17,1180.03,2003.34,1372.43,0.1433
53581006,1260.64,2120.03,1423.9,2276.12,0.1029
53581033,1132.28,1727.7,1266.94,1876.97,0.1418
53581033,207.83,2321.83,388.52,2514.34,0.0717
53581033,412.5,2180.23,623.79,2422.51,0.0714
53581033,364.52,2103.39,749.58,2499.16,0.2092
53581033,320.05,1252.23,750.55,1696.66,0.0956
53581033,242.43,2364.24,332.87,2457.46,0.0892
53581033,724.8,1785.8,952.64,1998.5,0.0602
53581060,1962.44,1258.83,2181.81,1491.34,0.2457
53581060,1871.63,1181.37,2271.32,1567.06,0.1758
53581124,15.66,1858.36,725.43,2413.23,0.0811
53581124,83.54,2274.51,214.27,2420.37,0.0588
53581151,22.43,1107.31,217.25,1335.64,0.1198
53581151,397.93,1667.58,612.62,1881.98,0.0755
53581151,6.52,831.07,688.18,1515.39,0.0746
53581237,1303.74,1277.84,1444.0,1426.67,0.4033
53581237,2010.14,1806.35,2211.28,2034.93,0.2403
53581237,1612.09,1759.51,1713.46,1855.59,0.0876
53581237,2009.76,1805.94,2212.01,2037.15,0.3133
53581237,1611.64,1759.27,1713.79,1855.43,0.1181
53581237,1179.06,1670.23,1330.88,1855.28,0.1062
53581237,1330.26,1307.38,1430.04,1405.02,0.1047
53581264,1478.28,1380.4,1685.19,1614.55,0.0579
53581264,1479.03,1378.57,1686.01,1614.57,0.0553
53581379,855.28,2252.7,1138.65,2423.13,0.3749
53581379,908.56,1599.99,1173.86,1938.62,0.1817
53581406,1738.34,1656.57,1901.7,1855.86,0.1362
53581406,1743.38,1653.55,1878.33,1818.16,0.7006
53581433,868.86,1350.95,1076.09,1517.03,0.0694
53581433,525.05,1285.04,809.87,1482.0,0.0602
53581460,1896.78,817.98,2053.9,1005.77,0.1131
53581460,1909.79,842.67,2073.78,1035.13,0.7658
53581460,2122.5,675.55,2340.22,844.34,0.4508
53581460,1869.99,1128.72,2002.94,1260.78,0.1456
53581769,366.7,2075.18,648.42,2285.09,0.1778
53581769,794.14,1445.45,968.68,1647.9,0.0865
53581796,18.57,771.15,254.72,1009.83,0.1104
53581860,557.58,1655.95,751.21,1921.89,0.3652
53581860,28.47,1321.66,802.52,2018.37,0.117
53581860,1.12,1542.61,25.6,1807.97,0.0579
53581860,4.87,1577.67,209.08,1849.42,0.0507
53581914,34.47,850.81,447.72,1204.26,0.0684
53581914,8.06,817.21,162.23,966.7,0.0584
53581941,2261.35,687.79,2548.21,877.41,0.1656
53581941,1955.97,2144.14,2063.59,2278.85,0.0616
53582331,1445.11,1694.92,1688.42,1903.15,0.0982
53582422,1410.28,2192.08,1593.39,2462.88,0.0839
53582540,2264.66,181.26,2495.64,384.39,0.5953
53582540,2292.16,198.34,2463.57,370.78,0.2051
53582540,2113.84,2180.09,2260.22,2354.05,0.1369
53582540,2453.14,2935.5,2537.47,3080.02,0.1342
53582540,2010.48,2442.09,2266.79,2663.64,0.0836
53582540,1631.37,1615.88,2262.74,2431.85,0.0662
53582567,1708.71,1696.61,1870.52,1956.62,0.1842
53582567,1689.84,1666.8,1888.76,1947.23,0.1218
53582567,1989.51,1607.41,2292.82,1973.3,0.0548
53582656,254.62,1185.64,492.01,1379.47,0.0788
53582656,252.45,1186.64,492.68,1379.03,0.2588
53582656,19.51,1594.98,667.47,2310.04,0.0691
53582683,98.75,1574.65,265.59,1728.86,0.6982
53582683,74.69,1985.47,161.91,2088.4,0.0577
53582683,1.65,1516.43,908.37,2051.21,0.2337
53582683,103.2,1591.83,256.69,1707.64,0.0598
53582710,1575.34,2563.4,1679.91,2667.37,0.4275
53582710,1799.01,1710.14,1892.83,1800.29,0.0732
53582710,1938.96,2175.1,2090.01,2364.75,0.0527
53582710,1575.22,2563.64,1679.48,2667.05,0.0589
53582737,307.06,1070.85,575.52,1317.46,0.1868
53582737,329.69,723.77,598.64,921.56,0.162
53582737,306.71,1071.13,575.66,1317.17,0.39
53582737,327.39,724.38,599.75,919.79,0.1997
53582764,1669.34,2015.04,1815.24,2176.21,0.1158
53582764,1867.37,1917.69,2034.38,2131.61,0.0933
53582791,540.42,1363.87,695.86,1534.88,0.3298
53582791,47.65,767.16,271.1,984.87,0.1645
53582791,80.51,1384.57,234.74,1529.26,0.0703
53582791,26.65,734.18,258.28,994.15,0.6174
53582791,170.21,1150.8,368.34,1324.7,0.1065
53582818,1955.92,1345.37,2076.99,1503.67,0.057
53586361,750.32,1493.03,976.97,1814.03,0.7871
53586361,66.28,1893.91,485.52,2256.8,0.2496
53586388,1216.78,1600.29,1422.14,1839.04,0.2207
53586388,1296.11,1526.43,1367.63,1592.38,0.067
53586388,1231.68,1446.04,2120.48,1907.69,0.079
53586415,193.86,1347.07,324.98,1471.64,0.0539
53586442,1812.2,1931.84,1902.73,2013.09,0.0542
53586805,1907.21,2286.03,2412.73,2789.15,0.0565
53586805,1857.8,2194.79,2448.21,2741.87,0.1962
53586869,1385.84,3004.58,1581.47,3186.36,0.6272
53586869,1404.56,3009.68,1539.66,3124.95,0.1441
53586869,1244.56,2883.95,1719.22,3271.82,0.0746
53586896,1335.26,2595.96,1525.32,2747.64,0.5447
53586896,1324.15,2583.85,1539.35,2783.01,0.1574
53586960,717.95,1879.96,972.63,2096.45,0.0847
53586960,436.24,1700.96,990.81,2137.7,0.3308
53586960,757.82,1908.96,905.22,2040.68,0.1349
53587014,900.54,1264.2,1033.76,1382.08,0.2336
53587014,768.33,1131.89,1186.33,1538.86,0.1125
53587014,197.72,2325.91,738.22,2762.78,0.8695
53587041,1889.9,2508.07,2174.32,2778.46,0.4808
53587041,1563.38,1681.22,1904.86,1917.54,0.177
53587104,1020.51,1888.71,1200.94,2097.4,0.1078
53587104,1063.97,1927.95,1189.86,2052.51,0.5193
53587104,895.7,1796.88,1320.31,2214.42,0.1418
53587131,820.62,1931.03,1041.24,2146.74,0.1944
53587131,899.19,2026.88,969.58,2081.48,0.107
53587131,889.14,2012.67,997.17,2113.17,0.1821
53587427,811.8,2009.48,961.39,2161.31,0.312
53587427,796.93,2229.12,1060.07,2439.49,0.1183
53587427,811.77,2010.1,961.71,2160.95,0.25
53587427,796.04,2229.11,1061.83,2439.22,0.2014
53587427,188.88,1422.98,804.9,2206.69,0.1
53587427,465.66,1248.24,718.45,1461.43,0.0859
53587454,2460.94,3009.04,2547.06,3118.89,0.3178
53587454,1952.75,1246.4,2190.95,1457.74,0.219
53587454,1197.67,2216.86,1453.78,2405.61,0.1602
53587454,1748.69,875.86,1979.74,1087.19,0.0827
53587481,448.58,1260.13,677.44,1455.02,0.1252
53587481,297.04,1931.13,637.8,2320.57,0.0548
53587481,38.95,1836.01,200.88,1992.7,0.1851
53587481,295.51,1928.66,640.94,2319.87,0.109
53587508,2162.51,659.3,2393.85,850.07,0.1166
53587508,1788.38,1519.18,2174.83,1923.67,0.096
53587572,1334.67,2208.24,1575.17,2494.51,0.3926
53587572,435.03,2730.02,632.31,2950.97,0.3604
53587572,1629.14,2435.96,1853.81,2711.22,0.1345
53587572,1173.01,2807.29,1348.67,2996.66,0.0575
53587572,1353.08,2973.21,1591.66,3184.53,0.0538
53587572,1334.08,2207.69,1575.13,2495.27,0.1458
53587572,1169.71,2790.46,1270.0,2881.97,0.0559
53587599,514.91,2607.96,647.52,2746.72,0.5364
53587599,1157.07,1425.95,1608.35,1848.94,0.1328
53587599,1291.64,1581.77,1407.99,1698.79,0.0617
53587599,1432.49,1545.05,1530.71,1634.77,0.0552
53587599,520.95,2624.75,631.22,2732.92,0.0643
53587599,1154.37,1424.27,1608.86,1850.03,0.0563
53587663,3141.99,1991.11,3313.27,2152.96,0.5885
53587663,2954.94,1132.25,3181.85,1333.79,0.2396
53587663,2953.72,1321.35,3058.72,1408.4,0.0581
53587663,3151.84,1165.27,3298.76,1339.84,0.0534
53587663,3142.04,1991.25,3312.09,2152.33,0.1408
53587690,1290.43,2083.29,1539.06,2292.92,0.0959
53587717,1863.81,2251.26,2046.02,2398.41,0.3649
53587717,2799.25,991.6,2936.18,1116.57,0.0752
